username,login_timestamp,session_id
admin,2025-07-21 12:40:47,d1cbec15
admin,2025-07-21 12:48:15,f6e11406
admin,2025-07-21 12:53:27,6cb08a54
admin,2025-07-21 13:01:49,f5b0f7d7
admin,2025-07-21 14:46:09,e10cef55
admin,2025-07-21 14:54:43,9cf72474
admin,2025-07-21 14:58:09,812c0fa3
admin,2025-07-21 15:04:10,1cb145ef
user,2025-07-21 15:12:53,e177c52d
user,2025-07-21 15:35:35,c9828cff
test,2025-07-21 15:43:18,f4f1134a
user,2025-07-21 15:52:38,cf8d2dc0
test,2025-07-21 15:57:51,e7db1c06
test,2025-07-21 16:06:41,3b77293b
test,2025-07-21 16:12:10,b6ebe57a
test,2025-07-21 16:49:46,d673ed9a
test,2025-07-21 16:56:56,23a2b1dc
test,2025-07-21 17:04:04,d83d1397
test,2025-07-21 17:20:57,6d14ef11
test,2025-07-21 17:27:32,3cdfbfa5
test,2025-07-21 17:36:27,f2f44cfd
test,2025-07-21 17:48:14,83f21b2f
test,2025-07-21 17:54:24,0928c852
test,2025-07-21 20:18:51,c973363e
